Identifiant Ind. A;Identifiant Ind. B
PRG-074;REF-001
PRG-075;REF-002
PRG-076;REF-003
PRG-079;REF-004
PRG-080;REF-005
PRG-081;REF-006
PRG-077;REF-007
PRG-078;REF-008
PRG-082;REF-009
PRG-083;REF-010
PRG-084;REF-011
PRG-085;REF-012
PRG-094;REF-013
PRG-086;REF-014
PRG-087;REF-015
PRG-088;REF-016
PRG-089;REF-017
PRG-090;REF-018
PRG-091;REF-019
PRG-092;REF-020
PRG-093;REF-021
PRG-095;REF-022
PRG-096;REF-023
PRG-097;REF-024
PRG-001;REF-025
PRG-002;REF-026
PRG-003;REF-027
PRG-004;REF-028
PRG-063;REF-029
PRG-064;REF-030
PRG-065;REF-031
PRG-066;REF-032
PRG-067;REF-033
PRG-068;REF-034
PRG-069;REF-035
PRG-070;REF-036
PRG-071;REF-037
PRG-072;REF-038
PRG-073;REF-039
FND-01;REF-040
FND-02;REF-041
FND-03;REF-042
FND-04;REF-043
FND-07;REF-044
FND-08;REF-045
FND-09;REF-046
PRG-017;REF-047
FND-11;REF-048
FND-12;REF-049
FND-13;REF-050
PRG-018;REF-051
PRG-024;REF-052
FND-05;REF-053
FND-06;REF-054
FND-10;REF-055
FND-14;REF-056
FND-15;REF-057
FND-16;REF-058
FND-17;REF-059
FND-18;REF-060
FND-19;REF-061
PRG-005;REF-062
PRG-006;REF-063
PRG-007;REF-064
PRG-008;REF-065
PRG-009;REF-066
PRG-010;REF-067
PRG-011;REF-068
PRG-012;REF-069
PRG-013;REF-070
PRG-014;REF-071
PRG-015;REF-072
PRG-016;REF-073
PRG-049;REF-074
PRG-050;REF-075
PRG-051;REF-076
PRG-052;REF-077
PRG-053;REF-078
PRG-019;REF-079
PRG-020;REF-080
PRG-021;REF-081
PRG-022;REF-082
PRG-023;REF-083
PRG-036;REF-084
PRG-037;REF-085
PRG-038;REF-086
PRG-039;REF-087
PRG-025;REF-088
PRG-026;REF-089
PRG-027;REF-090
PRG-040;REF-091
PRG-041;REF-092
PRG-028;REF-093
PRG-029;REF-094
PRG-030;REF-095
PRG-033;REF-096
PRG-034;REF-097
PRG-047;REF-098
PRG-048;REF-099
PRG-035;REF-100
PRG-045;REF-101
PRG-046;REF-102
PRG-042;REF-103
PRG-043;REF-104
PRG-044;REF-105
PRG-031;REF-106
PRG-032;REF-107
PRG-054;REF-108
PRG-055;REF-109
PRG-056;REF-110
PRG-057;REF-111
PRG-058;REF-112
PRG-059;REF-113
PRG-060;REF-114
PRG-061;REF-115
PRG-062;REF-116
